"10.jpg",1,0,128,91,149,149,51,"Male"
"04.jpg",1,0,339,112,114,114,35,"Female"
"09.jpg",1,0,513,69,50,50,48,"Male"
"13.jpg",1,0,1077,356,167,167,6,"Female"
"05.jpg",1,0,757,258,258,258,1,"Female"
"12.jpg",5,0,1564,217,168,168,33,"Male"
"12.jpg",5,1,791,173,165,165,28,"Male"
"12.jpg",5,2,414,174,157,157,29,"Male"
"12.jpg",5,3,60,210,142,142,33,"Male"
"12.jpg",5,4,1253,267,142,142,33,"Male"
"11.jpg",57,0,1933,1360,155,155,31,"Female"
"11.jpg",57,1,2216,1096,154,154,58,"Male"
"11.jpg",57,2,1131,1198,144,144,29,"Female"
"11.jpg",57,3,1556,1102,142,142,34,"Male"
"11.jpg",57,4,801,1135,137,137,24,"Female"
"11.jpg",57,5,1986,851,136,136,26,"Male"
"11.jpg",57,6,1131,845,130,130,42,"Female"
"11.jpg",57,7,176,1212,128,128,69,"Female"
"11.jpg",57,8,930,630,128,128,33,"Male"
"11.jpg",57,9,595,880,126,126,35,"Male"
"11.jpg",57,10,304,822,125,125,55,"Female"
"11.jpg",57,11,514,1255,124,124,35,"Female"
"11.jpg",57,12,1524,871,122,122,48,"Female"
"11.jpg",57,13,1670,651,120,120,26,"Male"
"11.jpg",57,14,60,436,116,116,27,"Male"
"11.jpg",57,15,1258,684,112,112,31,"Female"
"11.jpg",57,16,1839,484,111,111,26,"Male"
"11.jpg",57,17,2176,549,109,109,37,"Male"
"11.jpg",57,18,1491,354,108,108,38,"Female"
"11.jpg",57,19,60,689,106,106,32,"Female"
"11.jpg",57,20,1450,470,106,106,38,"Female"
"11.jpg",57,21,1971,692,105,105,30,"Male"
"11.jpg",57,22,2284,290,105,105,23,"Male"
"11.jpg",57,23,702,555,104,104,26,"Female"
"11.jpg",57,24,1097,547,104,104,29,"Female"
"11.jpg",57,25,433,520,103,103,35,"Female"
"11.jpg",57,26,339,347,102,102,31,"Male"
"11.jpg",57,27,1736,365,101,101,28,"Female"
"11.jpg",57,28,1909,276,100,100,24,"Male"
"11.jpg",57,29,657,286,98,98,43,"Male"
"11.jpg",57,30,2028,379,98,98,36,"Female"
"11.jpg",57,31,529,57,97,97,33,"Male"
"11.jpg",57,32,1096,363,95,95,47,"Female"
"11.jpg",57,33,1988,109,95,95,26,"Male"
"11.jpg",57,34,930,307,92,92,30,"Male"
"11.jpg",57,35,433,283,90,90,32,"Female"
"11.jpg",57,36,1092,164,89,89,49,"Male"
"11.jpg",57,37,854,145,89,89,56,"Male"
"11.jpg",57,38,2467,194,88,88,28,"Female"
"11.jpg",57,39,787,468,88,88,28,"Female"
"11.jpg",57,40,2424,92,87,87,32,"Male"
"11.jpg",57,41,2273,137,87,87,61,"Male"
"11.jpg",57,42,1405,149,87,87,47,"Male"
"11.jpg",57,43,1310,332,87,87,26,"Female"
"11.jpg",57,44,1642,267,85,85,21,"Female"
"11.jpg",57,45,205,256,85,85,66,"Female"
"11.jpg",57,46,1193,80,82,82,57,"Female"
"11.jpg",57,47,1694,92,81,81,29,"Male"
"11.jpg",57,48,417,34,79,79,34,"Female"
"11.jpg",57,49,1493,111,76,76,30,"Female"
"11.jpg",57,50,702,47,76,76,33,"Female"
"11.jpg",57,51,1113,33,75,75,37,"Male"
"11.jpg",57,52,2092,16,75,75,28,"Female"
"11.jpg",57,53,288,186,74,74,71,"Female"
"11.jpg",57,54,884,0,74,69,43,"Female"
"11.jpg",57,55,1893,0,78,65,27,"Male"
"11.jpg",57,56,2129,150,69,69,27,"Female"
